Title,Company,Employment Type,Location,Link
Product Manager,Input Logic,Full-Time,Canada Only,https://weworkremotely.com/remote-jobs/input-logic-product-manager-2
Content Writer,Fortune Writers Inc,Full-Time,Anywhere in the World,https://weworkremotely.com/remote-jobs/fortune-writers-inc-content-writer-1
C/C++ Developer,RemoteMore,Full-Time,Americas Only/Europe Only/Africa Only,https://weworkremotely.com/remote-jobs/remotemore-c-c-developer
Executive Assistant for Latin America,We Work Remotely,Full-Time,Latin America Only,
Full Stack Ruby Engineer,OpenPlay,Full-Time,USA Only,https://weworkremotely.com/remote-jobs/openplay-full-stack-ruby-engineer
SEO Strategist ,SimpleTiger LLC,Full-Time,USA Only,https://weworkremotely.com/remote-jobs/simpletiger-llc-seo-strategist
Senior PHP (Laravel) Developer,Interaction Design Foundation,Full-Time,Anywhere in the World,https://weworkremotely.com/remote-jobs/interaction-design-foundation-senior-php-laravel-developer-1
Customer Service PaaS Product Manager ,SportyBet,Full-Time,Europe Only,https://weworkremotely.com/remote-jobs/sportybet-customer-service-paas-product-manager
Senior Backend Engineer,Toggl,Full-Time,Anywhere in the World,https://weworkremotely.com/remote-jobs/toggl-senior-backend-engineer-2
Financial Controller,We Work Remotely,Full-Time,Anywhere in the World,
Senior EU Frontend Engineer ,SportyBet,Full-Time,Europe Only,https://weworkremotely.com/remote-jobs/sportybet-senior-eu-frontend-engineer
Senior Front-End JS Engineer,CobbleWeb,Full-Time,Europe Only/Africa Only,https://weworkremotely.com/remote-jobs/cobbleweb-senior-front-end-js-engineer-1
Account Executive - SMB,Contra,Full-Time,USA Only,
Senior Web & App Designer,silverorange,Full-Time,Canada Only,https://weworkremotely.com/remote-jobs/silverorange-senior-web-app-designer-1
Copywriter,ProWriterSites,Full-Time,Anywhere in the World,https://weworkremotely.com/remote-jobs/prowritersites-copywriter
UI Designer and Figma Specialist,Interaction Design Foundation,Full-Time,Anywhere in the World,https://weworkremotely.com/remote-jobs/interaction-design-foundation-ui-designer-and-figma-specialist
Senior Full-stack PHP&React Developer,Lemon.io,Full-Time,Latin America Only/Europe Only/UK Only/Canada Only/Asia Only/Oceania Only,
Senior Software Engineer,"Duet, Inc.",Full-Time,Anywhere in the World,https://weworkremotely.com/remote-jobs/duet-inc-senior-software-engineer-11
Rails Developer,"GotSoccer, LLC",Full-Time,Anywhere in the World,https://weworkremotely.com/remote-jobs/gotsoccer-llc-rails-developer-3
Senior MS Power BI Developer,Proxify AB,Full-Time,Latin America Only/Europe Only/EMEA Only,
Senior DevOps Engineer (AWS),Proxify AB,Full-Time,Latin America Only/Europe Only/EMEA Only,
Senior Golang Developer,Proxify AB,Full-Time,Latin America Only/Europe Only/EMEA Only,
Senior DevOps Engineer (Azure),Proxify AB,Full-Time,Latin America Only/Europe Only/EMEA Only,
Senior Django Developer,Proxify AB,Full-Time,Latin America Only/Europe Only/EMEA Only,
Senior Mobile Developer (Cross-Platform),Proxify AB,Full-Time,Latin America Only/Europe Only/EMEA Only,
Senior BI Specialist,Proxify AB,Full-Time,Latin America Only/Europe Only/EMEA Only,
Senior Symfony Developer,Proxify AB,Full-Time,Latin America Only/Europe Only/EMEA Only,
Senior WordPress Developer,Proxify AB,Full-Time,Latin America Only/Europe Only/EMEA Only,
Senior Flutter Developer,Proxify AB,Full-Time,Latin America Only/Europe Only/EMEA Only,
Delivery Manager,Storyteller,Full-Time,USA Only/Europe Only/UK Only/Canada Only,https://weworkremotely.com/remote-jobs/storyteller-delivery-manager
Head of B2B Growth Marketing/Demand Generation,Baymard Institute,Full-Time,Anywhere in the World,https://weworkremotely.com/remote-jobs/baymard-institute-head-of-b2b-growth-marketing-demand-generation
"Content Coordinator (U.S. Based, remote)",SimpleTiger LLC,Full-Time,Anywhere in the World,https://weworkremotely.com/remote-jobs/simpletiger-llc-content-coordinator-u-s-based-remote
Platform Reliability Engineer,Localize,Full-Time,USA Only,https://weworkremotely.com/remote-jobs/localize-platform-reliability-engineer
Backend Go Developer - Remote,G2i Inc.,Full-Time,Latin America Only,
Full Stack Developer - Remote/SaaS (m/f/d),SocialHub,Full-Time,Anywhere in the World,https://weworkremotely.com/remote-jobs/socialhub-full-stack-developer-remote-saas-m-f-d
Backend Javascript / Node.js Developer - Remote/SaaS (m/f/d),SocialHub,Full-Time,Anywhere in the World,https://weworkremotely.com/remote-jobs/socialhub-backend-javascript-node-js-developer-remote-saas-m-f-d-3
OpenStack Cloud Engineer (DevOps),"VEXXHOST, Inc.",Full-Time,Anywhere in the World,https://weworkremotely.com/remote-jobs/vexxhost-inc-openstack-cloud-engineer-devops-1
Data Engineer/Data Scientist,Lemon.io,Full-Time,Latin America Only/Europe Only/UK Only/Canada Only/Asia Only/Oceania Only,
Full Remote Image Analysis Web Application Sr Full Stuck Dev,LifeAnalytics,Full-Time,Anywhere in the World,https://weworkremotely.com/remote-jobs/lifeanalytics-full-remote-image-analysis-web-application-sr-full-stuck-dev
Senior Software Engineer | Ecommerce dev-tool startup,Medusa,Full-Time,Anywhere in the World,https://weworkremotely.com/remote-jobs/medusa-senior-software-engineer-ecommerce-dev-tool-startup
React/Node Fullstack Developer,CloudDevs,Full-Time,Latin America Only/Europe Only/EMEA Only/Asia Only,
Senior or Staff Frontend Engineer - React (100% Remote),Close,Full-Time,USA Only,https://weworkremotely.com/remote-jobs/close-senior-or-staff-frontend-engineer-react-100-remote-5
Online language instructor (German or Mandarin or Japanese),Academia Europea,Full-Time,Latin America Only/Americas Only,https://weworkremotely.com/remote-jobs/academia-europea-online-language-instructor-german-or-mandarin-or-japanese
WP All Import: SEO Strategist & Writer,WP All Import,Full-Time,Anywhere in the World,https://weworkremotely.com/remote-jobs/wp-all-import-wp-all-import-seo-strategist-writer
Senior Backend Engineer (Remote),Localize,Full-Time,USA Only,https://weworkremotely.com/remote-jobs/localize-senior-backend-engineer-remote
Senior Backend Engineer,GoTu (formerly TempMee),Full-Time,Anywhere in the World,https://weworkremotely.com/remote-jobs/gotu-formerly-tempmee-senior-backend-engineer
Media Buyer and Performance Marketing Expert,Interaction Design Foundation,Full-Time,Anywhere in the World,https://weworkremotely.com/remote-jobs/interaction-design-foundation-media-buyer-and-performance-marketing-expert-1
Senior EU Java Backend Engineer,SportyBet,Full-Time,Europe Only,https://weworkremotely.com/remote-jobs/sportybet-senior-eu-java-backend-engineer
Senior Full-stack Developer,Lemon.io,Full-Time,Latin America Only/Europe Only/Canada Only/Asia Only/Oceania Only,
Virtual Customer Support / Assistant Philippines ,We Work Remotely,Full-Time,,
Senior Full-stack JS Developer,CobbleWeb,Full-Time,Europe Only/EMEA Only,https://weworkremotely.com/remote-jobs/cobbleweb-senior-full-stack-js-developer-7
Senior Full-stack PHP Developer,CobbleWeb,Full-Time,Europe Only/EMEA Only,https://weworkremotely.com/remote-jobs/cobbleweb-senior-full-stack-php-developer-8
Senior Technical Support Engineer - Remote ,Circuit,Full-Time,Anywhere in the World,https://weworkremotely.com/remote-jobs/circuit-senior-technical-support-engineer-remote
Ruby on Rails Engineer with Shopify App Experience,Rivo Commerce,Full-Time,Anywhere in the World,https://weworkremotely.com/remote-jobs/rivo-commerce-ruby-on-rails-engineer-with-shopify-app-experience
"Senior PHP Web Developersâ€“ Cyprus, Greece or Remote",XM,Full-Time,Anywhere in the World,https://weworkremotely.com/remote-jobs/xm-senior-php-web-developers-cyprus-greece-or-remote-2
Cloud Security Engineer,XM,Full-Time,Anywhere in the World,https://weworkremotely.com/remote-jobs/xm-cloud-security-engineer
Head of Partnerships,SafetyWing,Full-Time,Anywhere in the World,https://weworkremotely.com/remote-jobs/safetywing-head-of-partnerships-1
Senior QA Automation Engineer (Frontend),"Data Virtuality, a CData Software company",Full-Time,Anywhere in the World,https://weworkremotely.com/remote-jobs/data-virtuality-a-cdata-software-company-senior-qa-automation-engineer-frontend
Blog Content Writer,Microdose Mushrooms Canada,Full-Time,Anywhere in the World,https://weworkremotely.com/remote-jobs/microdose-mushrooms-canada-blog-content-writer
Team Lead Manager for AI Training Data,G2i Inc.,Full-Time,Anywhere in the World,
Product Designer,Silverfin Software Ltd,Full-Time,Europe Only,https://weworkremotely.com/remote-jobs/silverfin-software-ltd-product-designer
UX / UI Designer at Tech SaaS ğŸš€,Vidalytics,Full-Time,Europe Only,https://weworkremotely.com/remote-jobs/vidalytics-ux-ui-designer-at-tech-saas
Senior Fullstack Engineer (React.js/Next.js/Nest.js),Whitespectre,Full-Time,Anywhere in the World,https://weworkremotely.com/remote-jobs/whitespectre-senior-fullstack-engineer-react-js-next-js-nest-js
Marketing Automation SaaS + Services Line of Business Owner,New Law Business Model,Full-Time,Anywhere in the World,https://weworkremotely.com/remote-jobs/new-law-business-model-marketing-automation-saas-services-line-of-business-owner
Administrative Assistant,BBE Marketing Inc,Full-Time,Anywhere in the World,https://weworkremotely.com/remote-jobs/bbe-marketing-inc-administrative-assistant-4
Business Analyst,maids.cc,Full-Time,Anywhere in the World,https://weworkremotely.com/remote-jobs/maids-cc-business-analyst-2
AWS Database Aministrator,XM,Full-Time,Europe Only,https://weworkremotely.com/remote-jobs/xm-aws-database-aministrator
"Customer Happiness Advocate (Remote - UK, Finland, Spain)",Trifecta Retail Ventures,Full-Time,Europe Only,https://weworkremotely.com/remote-jobs/trifecta-retail-ventures-customer-happiness-advocate-remote-uk-finland-spain
Senior QA Automation Engineer (Backend),Data Virtuality GmbH,Full-Time,Anywhere in the World,https://weworkremotely.com/remote-jobs/data-virtuality-gmbh-senior-qa-automation-engineer-backend
SEO Manager,Patchstack,Full-Time,Anywhere in the World,https://weworkremotely.com/remote-jobs/patchstack-seo-manager
Telesales Representative,The Veranda Assisted Living ,Full-Time,Asia Only/Other (donâ€™t specify),https://weworkremotely.com/remote-jobs/the-veranda-assisted-living-telesales-representative
Customer Success Advisor,Small Improvements,Full-Time,USA Only,https://weworkremotely.com/remote-jobs/small-improvements-customer-success-advisor
"Senior Sales Manager, Realiste AI",Realiste,Full-Time,Anywhere in the World,https://weworkremotely.com/remote-jobs/realiste-senior-sales-manager-realiste-ai
Sales Account Executive,Milk Stork,Full-Time,USA Only,https://weworkremotely.com/remote-jobs/milk-stork-sales-account-executive
Senior Full-Stack Product Developer | Ruby on Rails + React,Freshly Commerce,Full-Time,Anywhere in the World,https://weworkremotely.com/remote-jobs/freshly-commerce-senior-full-stack-product-developer-ruby-on-rails-react
Sales Director (Primary Real Estate) at Realiste AI,REALISTE AI,Full-Time,Anywhere in the World,https://weworkremotely.com/remote-jobs/realiste-ai-sales-director-primary-real-estate-at-realiste-ai
"Financial Management Specialist, Realiste AI",REALISTE AI,Full-Time,Anywhere in the World,https://weworkremotely.com/remote-jobs/realiste-ai-financial-management-specialist-realiste-ai
Client Data Solutions & Implementation Manager,Subscript,Full-Time,Anywhere in the World,https://weworkremotely.com/remote-jobs/subscript-client-data-solutions-implementation-manager
Entry-Level Sales Representative - Remote Opportunity for U.S. Credit Repair Market,Credit Clerk,Full-Time,Latin America Only,https://weworkremotely.com/remote-jobs/credit-clerk-entry-level-sales-representative-remote-opportunity-for-u-s-credit-repair-market
"iOS Developer â€“ Cyprus, Greece or Remote",XM,Full-Time,Anywhere in the World,https://weworkremotely.com/remote-jobs/xm-ios-developer-cyprus-greece-or-remote-6
Front End Engineer - Full Time,IDVerse / OCR Labs,Full-Time,Anywhere in the World,https://weworkremotely.com/remote-jobs/idverse-ocr-labs-front-end-engineer-full-time
HR Manager,Murmuration,Full-Time,USA Only,https://weworkremotely.com/remote-jobs/murmuration-hr-manager
UI/UX Designer,Files.com,Full-Time,Anywhere in the World,https://weworkremotely.com/remote-jobs/files-com-ui-ux-designer
Front-End w/Vue.js (3 yrs xp),CSGOEmpire,Full-Time,Anywhere in the World,https://weworkremotely.com/remote-jobs/csgoempire-front-end-w-vue-js-3-yrs-xp
Software Engineer,Athelas,Full-Time,Anywhere in the World,https://weworkremotely.com/remote-jobs/athelas-software-engineer-5
Customer Service & Sales Representative,Select Saunas,Full-Time,Asia Only,https://weworkremotely.com/remote-jobs/select-saunas-customer-service-sales-representative-1
HR Generalist,Tom Horn Gaming,Full-Time,Europe Only,https://weworkremotely.com/remote-jobs/tom-horn-gaming-hr-generalist
Head of Marketing,TopspinPro,Full-Time,Anywhere in the World,https://weworkremotely.com/remote-jobs/topspinpro-head-of-marketing
"REMOTE CHAT REP - Up to $10,000 per month - FLEXIBLE HOURS! Hiring ASAP!",UsedConex.com,Full-Time,USA Only/Europe Only,https://weworkremotely.com/remote-jobs/usedconex-com-remote-chat-rep-up-to-10-000-per-month-flexible-hours-hiring-asap
Sales Manager,"LeadSimple, Inc.",Full-Time,USA Only,https://weworkremotely.com/remote-jobs/leadsimple-inc-sales-manager
Head of Product,Groundfloor,Full-Time,Anywhere in the World,https://weworkremotely.com/remote-jobs/groundfloor-head-of-product
Operations Specialist ,CerealBox,Full-Time,Anywhere in the World,https://weworkremotely.com/remote-jobs/cerealbox-operations-specialist
Senior Analyst,District Public,Full-Time,Anywhere in the World,https://weworkremotely.com/remote-jobs/district-public-senior-analyst
Frontend React.js Engineer,Banzai,Full-Time,Europe Only,https://weworkremotely.com/remote-jobs/banzai-frontend-react-js-engineer-1
Senior PHP Developer,Banzai,Full-Time,Europe Only,https://weworkremotely.com/remote-jobs/banzai-senior-php-developer
Quality Assurance Engineer,TrendSpider,Full-Time,Anywhere in the World,https://weworkremotely.com/remote-jobs/trendspider-quality-assurance-engineer
Full Stack (React/Elixir) Engineer,Politech,Full-Time,USA Only,https://weworkremotely.com/remote-jobs/politech-full-stack-react-elixir-engineer
Director of Marketing,Planning Center,Full-Time,USA Only,https://weworkremotely.com/remote-jobs/planning-center-director-of-marketing
Performance Marketing Expert,Studiotools,Full-Time,Anywhere in the World,https://weworkremotely.com/remote-jobs/studiotools-performance-marketing-expert
Senior MERN Developer,ClickGUARD Inc.,Full-Time,Anywhere in the World,https://weworkremotely.com/remote-jobs/clickguard-inc-senior-mern-developer
Senior Content Marketer,Animalz,Full-Time,Anywhere in the World,https://weworkremotely.com/remote-jobs/animalz-senior-content-marketer-1
Business Process Analyst,Elite Software Automation,Full-Time,Anywhere in the World,https://weworkremotely.com/remote-jobs/elite-software-automation-business-process-analyst-1
Marketing Content Writer (Cloud/DevOps) - Remote (EMEA),amazee.io,Full-Time,EMEA Only,https://weworkremotely.com/remote-jobs/amazee-io-marketing-content-writer-cloud-devops-remote-emea
Senior Backend Developer SaaS,Data Virtuality,Full-Time,Anywhere in the World,https://weworkremotely.com/remote-jobs/data-virtuality-senior-backend-developer-saas
Operations Manager,AvenueHQ,Full-Time,North America Only,https://weworkremotely.com/remote-jobs/avenuehq-operations-manager
Experienced Full-stack Developer,Sanctuary Computer,Full-Time,Anywhere in the World,https://weworkremotely.com/remote-jobs/sanctuary-computer-experienced-full-stack-developer
Head of Customer Success (SaaS) ğŸ¤ğŸ» ğŸ’¸ ğŸ˜„,Salesmsg,Full-Time,Anywhere in the World,https://weworkremotely.com/remote-jobs/salesmsg-head-of-customer-success-saas-2
Client Onboarding for Corporate Services (Bank Accounts department),Flag Theory,Full-Time,Europe Only,https://weworkremotely.com/remote-jobs/flag-theory-client-onboarding-for-corporate-services-bank-accounts-department
Full-Stack Wordpress Developer,BBE Marketing Inc,Full-Time,Anywhere in the World,https://weworkremotely.com/remote-jobs/bbe-marketing-inc-full-stack-wordpress-developer-11
Business Analyst ,Maids.cc,Full-Time,Anywhere in the World,https://weworkremotely.com/remote-jobs/maids-cc-business-analyst-3
Technical QA Analyst,Gymdesk,Full-Time,Anywhere in the World,https://weworkremotely.com/remote-jobs/gymdesk-technical-qa-analyst
Senior Infrastructure Engineer,IVPN,Full-Time,Europe Only,https://weworkremotely.com/remote-jobs/ivpn-senior-infrastructure-engineer-1
Sales & Client Manager for Relocation Agency (Thailand based role),Great Good Venture Studio,Full-Time,Anywhere in the World,https://weworkremotely.com/remote-jobs/great-good-venture-studio-sales-client-manager-for-relocation-agency-thailand-based-role
Senior Full-stack Engineer (Rails),UserEvidence,Full-Time,Latin America Only,https://weworkremotely.com/remote-jobs/userevidence-senior-full-stack-engineer-rails-1
Operations Manager,Greenlight Media Pte Ltd,Full-Time,Europe Only/UK Only/Asia Only/Oceania Only,https://weworkremotely.com/remote-jobs/greenlight-media-pte-ltd-operations-manager
"Account Support Representative - 12-month Maternity Cover (Remote, Latin America)",Semaphore,Full-Time,Latin America Only,https://weworkremotely.com/remote-jobs/semaphore-account-support-representative-12-month-maternity-cover-remote-latin-america
Senior Backend Engineer,Elevate Labs,Full-Time,Americas Only,https://weworkremotely.com/remote-jobs/elevate-labs-senior-backend-engineer
Technical Support Engineer,Chameleon,Full-Time,Americas Only/Europe Only,https://weworkremotely.com/remote-jobs/chameleon-technical-support-engineer
Senior Developer,Aiir,Full-Time,UK Only,https://weworkremotely.com/remote-jobs/aiir-senior-developer
Thumbnail Designer need for our YouTube Channel,Digi Lumers,Full-Time,Anywhere in the World,https://weworkremotely.com/remote-jobs/digi-lumers-thumbnail-designer-need-for-our-youtube-channel
Full-Stack Typescript Engineer,MANUAL,Full-Time,USA Only,https://weworkremotely.com/remote-jobs/manual-full-stack-typescript-engineer
Content Writer,Wellue,Full-Time,USA Only,https://weworkremotely.com/remote-jobs/wellue-content-writer
Full Stack Perl Developer - Join A Small Team Building Big Things,ClickMagick,Full-Time,Americas Only,https://weworkremotely.com/remote-jobs/clickmagick-full-stack-perl-developer-join-a-small-team-building-big-things
Senior Software Engineer,ConvertKit,Full-Time,Americas Only/Europe Only,https://weworkremotely.com/remote-jobs/convertkit-senior-software-engineer-1
"Adventurous Software Engineer (Ruby / Go / QML / Kotlin), EU-based, 100% remote, employee or contractor",Starfish GmbH & Co. KG,Full-Time,Europe Only,https://weworkremotely.com/remote-jobs/starfish-gmbh-co-kg-adventurous-software-engineer-ruby-go-qml-kotlin
B2B Sales Lead (Hands-On Selling) - Edtech SaaS (UK & EU),KodeKloud,Full-Time,Anywhere in the World,https://weworkremotely.com/remote-jobs/kodekloud-b2b-sales-lead-hands-on-selling-edtech-saas-uk-eu
Director of Product (Niche Agency),Growth Tools,Full-Time,North America Only,https://weworkremotely.com/remote-jobs/growth-tools-director-of-product-niche-agency
Virtual Assistants with customer service and sales experience,The Ward Law Group,Full-Time,Latin America Only,https://weworkremotely.com/remote-jobs/the-ward-law-group-virtual-assistants-with-customer-service-and-sales-experience
Senior Ruby on Rails Engineer,Booster SEO,Full-Time,Anywhere in the World,https://weworkremotely.com/remote-jobs/booster-seo-senior-ruby-on-rails-engineer
Site Reliability Engineer,Sticker Mule,Full-Time,Anywhere in the World,https://weworkremotely.com/remote-jobs/sticker-mule-site-reliability-engineer-1
Head of Sales,Toggl,Full-Time,Anywhere in the World,https://weworkremotely.com/remote-jobs/toggl-head-of-sales
Senior Independent Product Manager/Product Designer ($90-$150/hr),A.Team,Full-Time,Anywhere in the World,https://weworkremotely.com/remote-jobs/a-team-senior-independent-product-manager-product-designer-90-150-hr
Principal AI&ML Engineer,Realiste,Full-Time,Anywhere in the World,https://weworkremotely.com/remote-jobs/realiste-principal-ai-ml-engineer
Head of Data Engineering,Realiste,Full-Time,Anywhere in the World,https://weworkremotely.com/remote-jobs/realiste-head-of-data-engineering
Content Writer (WordPress),Gravity Wiz,Full-Time,Anywhere in the World,https://weworkremotely.com/remote-jobs/gravity-wiz-content-writer-wordpress
Sr Full-Stack Engineer for Energy Industry,Bellawatt,Full-Time,USA Only/Canada Only,https://weworkremotely.com/remote-jobs/bellawatt-sr-full-stack-engineer-for-energy-industry
Site Reliability Engineer,MailerLite,Full-Time,,https://weworkremotely.com/remote-jobs/mailerlite-site-reliability-engineer
Financial Professional,Global Financial Impact,Full-Time,USA Only,https://weworkremotely.com/remote-jobs/global-financial-impact-financial-professional
Content Writer,Groove,Full-Time,Anywhere in the World,https://weworkremotely.com/remote-jobs/groove-content-writer
Investment Analyst for a Fintech Platform,WebStreet,Full-Time,Anywhere in the World,https://weworkremotely.com/remote-jobs/webstreet-investment-analyst-for-a-fintech-platform
"Senior Software Engineer, Full Stack",Doximity,Full-Time,USA Only,https://weworkremotely.com/remote-jobs/doximity-senior-software-engineer-full-stack
"Head of Content - Remote, Â£60-72K ",EllipsisÂ®,Full-Time,Anywhere in the World,https://weworkremotely.com/remote-jobs/ellipsis-head-of-content-remote-60-72k
Acquisition Manager,Core Management,Full-Time,Anywhere in the World,https://weworkremotely.com/remote-jobs/core-management-acquisition-manager
Senior React Engineer (+Node),Whitespectre,Full-Time,Anywhere in the World,https://weworkremotely.com/remote-jobs/whitespectre-senior-react-engineer-node
Data Engineer,PlayVS ,,ğŸ‡ºğŸ‡¸ United States,https://remoteok.com/remote-jobs/remote-data-engineer-playvs-744159
Infrastructure Engineer,Chainstac,,Worldwide,https://remoteok.com/remote-jobs/remote-infrastructure-engineer-chainstack-743494
Smart Contract Security Engineer,Binanc,,ğŸ‡¸ğŸ‡¬ Singapore,https://remoteok.com/remote-jobs/remote-smart-contract-security-engineer-binance-742042
Data Scientist,Veruse,,ğŸ‡ºğŸ‡¸ United States,https://remoteok.com/remote-jobs/remote-data-scientist-verusen-738136
Infrastructure Engineer,Chainstac,,Worldwide,https://remoteok.com/remote-jobs/remote-infrastructure-engineer-chainstack-736208
Developer Relations Engineer,Syntrop,,Worldwide,https://remoteok.com/remote-jobs/remote-developer-relations-engineer-syntropy-733286
Senior Web3 Engineer,Ethena ,,Globally Remote,https://remoteok.com/remote-jobs/remote-senior-web3-engineer-ethena-733285
Research Analyst,Nansen ,,"EMEA / APAC, Remote",https://remoteok.com/remote-jobs/remote-research-analyst-nansen-731841
Software Engineer,Super.com ,,Los Angeles,https://remoteok.com/remote-jobs/remote-software-engineer-super-com-729469
Middle Automation Engineer,Wire,,Worldwide,https://remoteok.com/remote-jobs/remote-middle-automation-engineer-wirex-728966
Senior Data Engineer,Metrik,,Remote job,https://remoteok.com/remote-jobs/remote-senior-data-engineer-metrika-728963
Sales & Implementation Engineer,Prov,,ğŸ’° $65k - $110k*,https://remoteok.com/remote-jobs/remote-sales-implementation-engineer-provi-727909
Senior Analytics Data Engineer,Trunk.i,,San Francisco or Remote,https://remoteok.com/remote-jobs/remote-senior-analytics-data-engineer-trunk-io-726898
Senior Data Engineer,Metrik,,Remote job,https://remoteok.com/remote-jobs/remote-senior-data-engineer-metrika-727473
Senior System Test Engineer,Anduril Industrie,,ğŸ‡ºğŸ‡¸ United States,https://remoteok.com/remote-jobs/remote-senior-system-test-engineer-anduril-industries-726228
Backend Software Engineer,Enveritas ,,ğŸŒ Probably worldwide,https://remoteok.com/remote-jobs/remote-backend-software-engineer-enveritas-726046
Senior Software Engineer User Apps,Q Bi,,San Carlos,https://remoteok.com/remote-jobs/remote-senior-software-engineer-user-apps-q-bio-725544
Managing Actuary,Jett,,ğŸ‡ºğŸ‡¸ United States,https://remoteok.com/remote-jobs/remote-managing-actuary-jetty-725475
Lead Software Development Engineer Test Investigator,Job Boar,,ğŸ‡ºğŸ‡¸ United States,https://remoteok.com/remote-jobs/remote-lead-software-development-engineer-test-investigator-job-board-725435
Senior Data Engineer,Phanto,,Worldwide,https://remoteok.com/remote-jobs/remote-senior-data-engineer-phantom-725994
Software Engineer,NationBuilder ,,ğŸŒ Probably worldwide,https://remoteok.com/remote-jobs/remote-software-engineer-nationbuilder-744645
Senior Frontend Engineer,Perspective.co ,,ğŸ‡ªğŸ‡º Europe,https://remoteok.com/remote-jobs/remote-senior-frontend-engineer-perspective-co-700971
Senior Web3.js Developer,Chili,,ğŸŒ Worldwide,https://remoteok.com/remote-jobs/remote-senior-web3-js-developer-chiliz-734197
Staff Backend Software Engineer Cloud Platform,Telepor,,ğŸ‡ºğŸ‡¸ United States,https://remoteok.com/remote-jobs/remote-staff-backend-software-engineer-cloud-platform-teleport-744158
Senior Software Engineer Web,Speechify ,,ğŸ‡µğŸ‡± Poland,https://remoteok.com/remote-jobs/remote-senior-software-engineer-web-speechify-744156
Senior Full Stack Developer fully,JobLeads ,,ğŸ‡©ğŸ‡ª Germany,https://remoteok.com/remote-jobs/remote-senior-full-stack-developer-fully-jobleads-743909
Senior Backend Software Engineer Teleport Policy,Telepor,,ğŸ‡ºğŸ‡¸ United States,https://remoteok.com/remote-jobs/remote-senior-backend-software-engineer-teleport-policy-teleport-742577
Frontend Developer,Soramitsu ,,Worldwide,https://remoteok.com/remote-jobs/remote-frontend-developer-soramitsu-742035
Crypto Full Stack Developer,Token Metrics ,,Worldwide,https://remoteok.com/remote-jobs/remote-crypto-full-stack-developer-token-metrics-742045
Software Engineer LATAM,ENDVR ,,ğŸ‡§ğŸ‡· Brazil,https://remoteok.com/remote-jobs/remote-software-engineer-latam-endvr-740699
Software Engineer,Medusa ,,ğŸ‡ªğŸ‡º Europe,https://remoteok.com/remote-jobs/remote-software-engineer-medusa-729212
Technical Product Manager,Agori,,Worldwide,https://remoteok.com/remote-jobs/remote-technical-product-manager-agoric-739127
Developer Relations Engineer JS,Fly.io ,,ğŸŒ North America,https://remoteok.com/remote-jobs/remote-developer-relations-engineer-js-fly-io-694503
Frontend Engineer I,McKinsey & Company ,,ğŸŒ Probably worldwide,https://remoteok.com/remote-jobs/remote-frontend-engineer-i-mckinsey-company-736380
Software Engineer,Dock ,,ğŸ‡®ğŸ‡³ India,https://remoteok.com/remote-jobs/remote-software-engineer-dock-633086
Software Engineer Frontend,Blueground ,,ğŸ‡¬ğŸ‡· Greece,https://remoteok.com/remote-jobs/remote-software-engineer-frontend-blueground-728941
Senior Fullstack Engineer,Arize AI ,,ğŸ‡ºğŸ‡¸ United States,https://remoteok.com/remote-jobs/remote-senior-fullstack-engineer-arize-ai-725244
Senior Software Engineer SHIP PDCat MusicDB,PlayStation Globa,,ğŸ‡¬ğŸ‡§ United Kingdom,https://remoteok.com/remote-jobs/remote-senior-software-engineer-ship-pdcat-musicdb-playstation-global-725053
Rails Frontend & Backend Wizard,VIVA ,,ğŸŒ Worldwide,https://remoteok.com/remote-jobs/remote-rails-frontend-backend-wizard-viva-680612
Senior Backend Engineer,Honor ,,ğŸŒ Probably worldwide,https://remoteok.com/remote-jobs/remote-senior-backend-engineer-honor-719861
Sr Flutter Engineer,Ã­lia ,,ğŸ‡§ğŸ‡· Brazil,https://remoteok.com/remote-jobs/remote-sr-flutter-engineer-ilia-693865
Senior Mobile Engineer,Glooko ,,ğŸ‡­ğŸ‡· Croatia,https://remoteok.com/remote-jobs/remote-senior-mobile-engineer-glooko-645384
Senior Mobile Engineer Flutter,Transcarent ,,ğŸ‡ºğŸ‡¸ United States,https://remoteok.com/remote-jobs/remote-senior-mobile-engineer-flutter-transcarent-643158
Senior Flutter Engineer,XMTP ,,Worldwide,https://remoteok.com/remote-jobs/remote-senior-flutter-engineer-xmtp-638496
Senior Software Developer I,Spring Health ,,ğŸ‡ºğŸ‡¸ United States,https://remoteok.com/remote-jobs/remote-senior-software-developer-i-spring-health-615620
Senior Flutter Developer,Proxify ,,ğŸŒ Worldwide,https://remoteok.com/remote-jobs/remote-senior-flutter-developer-proxify-382219
Web Frontend Engineer JS CSS React Flutter,Canonical - Jobs ,,ğŸ‡³ğŸ‡¬ Nigeria,https://remoteok.com/remote-jobs/remote-web-frontend-engineer-js-css-react-flutter-canonical-jobs-472776
Senior Mobile Engineer,Careers at Tide ,,ğŸ‡®ğŸ‡³ India,https://remoteok.com/remote-jobs/remote-senior-mobile-engineer-careers-at-tide-472714
Senior Mobile Developer Latin America,FullStack Lab,,ğŸ‡§ğŸ‡· Brazil,https://remoteok.com/remote-jobs/remote-senior-mobile-developer-latin-america-fullstack-labs-469370
Typescript React Fullstack Developer Senior,CloudDev,,ğŸ’ƒ Latin America,https://remoteok.com/remote-jobs/remote-typescript-react-fullstack-developer-senior-clouddevs-340913
Senior Flutter Developer,Proxify ,,ğŸŒ Worldwide,https://remoteok.com/remote-jobs/remote-senior-flutter-developer-proxify-382348
PHP developer with Flutter experience for B2B SaaS,Gymdes,,ğŸ‡ºğŸ‡¸ United States,https://remoteok.com/remote-jobs/remote-php-developer-with-flutter-experience-for-b2b-saas-gymdesk-352196
ORT Interactive GmbH Senior Android Developer Direct Hire,Braintrus,,Europe 1,https://remoteok.com/remote-jobs/remote-ort-interactive-gmbh-senior-android-developer-direct-hire-braintrust-253287
Flutter Developer,Lemon.i,,ğŸ‡ªğŸ‡º Europe,https://remoteok.com/remote-jobs/remote-flutter-developer-lemon-io-250591
Full Stack Software Engineer,QuickTrials ,,ğŸŒ Worldwide,https://remoteok.com/remote-jobs/remote-full-stack-software-engineer-quicktrials-240367
"NestJS, Python ë°±ì—”ë“œ ê°œë°œì",ì”¨ì—ìŠ¤ì— 17,,,https://www.wanted.co.kr/wd/218163
"ë°±ì—”ë“œ ê°œë°œì Node.js, Python/5ë…„ ì´ìƒ",ë”¥ì„¸ì¼ì¦ˆ,,,https://www.wanted.co.kr/wd/211459
ëª…í’ˆì´ì»¤ë¨¸ìŠ¤ python ë°±ì—”ë“œ ê°œë°œì,ë¹„ì”¨ë””ì½”í¼ë ˆì´ì…˜,,,https://www.wanted.co.kr/wd/211437
python ê°œë°œì(5ë…„ ì´ìƒ),ìì´ì˜¨ì•„ì´í‹°ì—ìŠ¤,,,https://www.wanted.co.kr/wd/213921
ë°±ì—”ë“œ ì—”ì§€ë‹ˆì–´(íŒŒì´ì¬) (3ë…„ ì´ìƒ),ë¸”ë£¨ë°ë¹„íŠ¸,,,https://www.wanted.co.kr/wd/218010
Python BackEnd Developer,ì—ì´ì  ê¸€ë¡œë²Œ,,,https://www.wanted.co.kr/wd/216606
ë°±ì—”ë“œ ì—”ì§€ë‹ˆì–´ (Python),ì•„ì´ë„¤ë¸”ë£¨ë©”(ì±„í‹°),,,https://www.wanted.co.kr/wd/60926
"íŒŒì´ì¬(Phyton, AWS) ê°œë°œì (3ë…„ ì´ìƒ)",ì˜¤í† íŒ¨ìŠ¤,,,https://www.wanted.co.kr/wd/214645
"NestJS, Python ë°±ì—”ë“œ ê°œë°œì",ì”¨ì—ìŠ¤ì— 17,,,https://www.wanted.co.kr/wd/218163
"ë°±ì—”ë“œ ê°œë°œì Node.js, Python/5ë…„ ì´ìƒ",ë”¥ì„¸ì¼ì¦ˆ,,,https://www.wanted.co.kr/wd/211459
ëª…í’ˆì´ì»¤ë¨¸ìŠ¤ python ë°±ì—”ë“œ ê°œë°œì,ë¹„ì”¨ë””ì½”í¼ë ˆì´ì…˜,,,https://www.wanted.co.kr/wd/211437
python ê°œë°œì(5ë…„ ì´ìƒ),ìì´ì˜¨ì•„ì´í‹°ì—ìŠ¤,,,https://www.wanted.co.kr/wd/213921
ë°±ì—”ë“œ ì—”ì§€ë‹ˆì–´(íŒŒì´ì¬) (3ë…„ ì´ìƒ),ë¸”ë£¨ë°ë¹„íŠ¸,,,https://www.wanted.co.kr/wd/218010
Python BackEnd Developer,ì—ì´ì  ê¸€ë¡œë²Œ,,,https://www.wanted.co.kr/wd/216606
ë°±ì—”ë“œ ì—”ì§€ë‹ˆì–´ (Python),ì•„ì´ë„¤ë¸”ë£¨ë©”(ì±„í‹°),,,https://www.wanted.co.kr/wd/60926
"íŒŒì´ì¬(Phyton, AWS) ê°œë°œì (3ë…„ ì´ìƒ)",ì˜¤í† íŒ¨ìŠ¤,,,https://www.wanted.co.kr/wd/214645
[200ì–µâ†‘íˆ¬ì] í’€ìŠ¤íƒ ì—”ì§€ë‹ˆì–´ (Web/Python/Django) (í”Œë«í¼íŒ€),ë†€ì´ì˜ë°œê²¬,,,https://www.wanted.co.kr/wd/215853
ë°±ì—”ë“œ ì—”ì§€ë‹ˆì–´ (Python),ì—˜ë¦¬ìŠ¤,,,https://www.wanted.co.kr/wd/57878
[Python] Back-end Developer,ë‹¨ë¹„êµìœ¡,,,https://www.wanted.co.kr/wd/216881
"C#, C++, Python, IoT MCU(ì•„ë‘ì´ë…¸,RPi) ê°œë°œì",ì•„ì´í‹°ë¡œê·¸,,,https://www.wanted.co.kr/wd/187186
Python application & Algorithm ê°œë°œì,ë©”ë””í”½ì…€,,,https://www.wanted.co.kr/wd/190006
"[ì „ë¬¸ì—°êµ¬ìš”ì› ê°€ëŠ¥] C/C++, Python ë¡œë´‡ ì œì–´ ê°œë°œì (ì‹ ì…)",ë©”ë””ì¸í…Œí¬,,,https://www.wanted.co.kr/wd/147487
"[ì „ë¬¸ì—°êµ¬ìš”ì› ê°€ëŠ¥] C/C++, Python ë¡œë´‡ ì œì–´ ê°œë°œì",ë©”ë””ì¸í…Œí¬,,,https://www.wanted.co.kr/wd/100407
[í”Œë ˆì´ì˜¤][ì‹ ì…] Python ë°±ì—”ë“œ ê°œë°œ,ì§€ì—”ì—ì´ì»´í¼ë‹ˆ,,,https://www.wanted.co.kr/wd/193602
[200ì–µâ†‘íˆ¬ì] ì„œë²„ ì—”ì§€ë‹ˆì–´ (Python),í˜ì´íˆì–´,,,https://www.wanted.co.kr/wd/215963
"íŒŒì´ì¬ ë°±ì—”ë“œ ê°œë°œì (3ë…„ ì´ìƒ / Django, FastAPI)",ë°ì´í„°ë±…í¬,,,https://www.wanted.co.kr/wd/79771
ë°±ì—”ë“œ ì—”ì§€ë‹ˆì–´ (Python),ë²„í•ì„œìš¸,,,https://www.wanted.co.kr/wd/197592
íŒŒì´ì¬(Python) ê°œë°œì,ì—ì‡í¼ì„¼íŠ¸(8PERCENT),,,https://www.wanted.co.kr/wd/181863
ì´ì»¤ë¨¸ìŠ¤ ì†”ë£¨ì…˜ Python Backend ê°œë°œì,ìƒëŸ¬ë“œë©,,,https://www.wanted.co.kr/wd/209397
"[ê°œë°œ] SWì—”ì§€ë‹ˆì–´(JAVA, Python)",ì•„ì´ì•Œíë”ìŠ¤,,,https://www.wanted.co.kr/wd/216972
"[200ì–µâ†‘íˆ¬ì] ë°±ì—”ë“œ ê°œë°œì ì£¼ë‹ˆì–´ (Python, MSA)",í˜ì´íƒ€ë©(íŒ¨ìŠ¤ì˜¤ë”),,,https://www.wanted.co.kr/wd/45650
"[200ì–µâ†‘íˆ¬ì] ë°±ì—”ë“œ ê°œë°œì (Python, MSA)",í˜ì´íƒ€ë©(íŒ¨ìŠ¤ì˜¤ë”),,,https://www.wanted.co.kr/wd/196993
[ì‹ ì…] ë°±ì—”ë“œ ì—”ì§€ë‹ˆì–´ (Python),ì—˜ë¦¬ìŠ¤,,,https://www.wanted.co.kr/wd/162405
íŒŒì´ì¬ ë°±ì—”ë“œ ê°œë°œì (Python Backend),ì•„í† ë¨¸ìŠ¤(ë§ˆì¸ë“œì¹´í˜),,,https://www.wanted.co.kr/wd/216562
Python ë°±ì—”ë“œ ê°œë°œì,íŒ¨ìŠ¤íŠ¸íŒŒì´ë¸Œ,,,https://www.wanted.co.kr/wd/203425
"ë°±ì—”ë“œ ê°œë°œì (Python, Django)",ë¼í”„í…”(Laftel),,,https://www.wanted.co.kr/wd/121823
í’€ìŠ¤íƒ ì›¹ ê°œë°œì (Python/Django),ì›œë¸”ëŸ¬ë“œ,,,https://www.wanted.co.kr/wd/142233
"ì½”ë°•(Cobak) ë°±ì—”ë“œ ê°œë°œì[3ë…„ ì´ìƒ] (Python, Django)",íŒë„ë¼í‹°ë¹„,,,https://www.wanted.co.kr/wd/209286
íŒŒì´ì¬ í”„ë¡œê·¸ë¨ ê°œë°œì,ë‰´ë¡œë‹¤ì„,,,https://www.wanted.co.kr/wd/214944
íŒŒì´ì¬ ë°±ì—”ë“œ ê°œë°œì,íˆ¬ë¸”ëŸ­ì—ì´ì•„ì´,,,https://www.wanted.co.kr/wd/163255
Python Backend Engineer,ì—ì„(AIM),,,https://www.wanted.co.kr/wd/2447
Python Django ê¸°ë°˜ ì„œë²„ ê°œë°œ,ë¸”ë¦¬ëª½í‚¤ì¦ˆ,,,https://www.wanted.co.kr/wd/184372
ê¸€ë¡œë²ŒíŒ€ ë°±ì—”ë“œ ì—”ì§€ë‹ˆì–´ (Python),ì—˜ë¦¬ìŠ¤,,,https://www.wanted.co.kr/wd/182859
ì˜¤í”ˆì—… ë°ì´í„° ì—”ì§€ë‹ˆì–´ (Python),í•€ë‹¤(FINDA),,,https://www.wanted.co.kr/wd/180080
íŒŒì´ì¬(AWS) ê°œë°œì,í•œêµ­ë¯¸ìš©ë°ì´í„°,,,https://www.wanted.co.kr/wd/206989
ë°±ì—”ë“œ ì—”ì§€ë‹ˆì–´ (Python/Django),ë®¤ì¦ˆë¼ì´ë¸Œ(Muzlive),,,https://www.wanted.co.kr/wd/18295
[ì¸í…”ë¦¬ì „ìŠ¤ë©ìŠ¤] ì„ í–‰í”„ë¡œë•íŠ¸íŒ€ ë°±ì—”ë“œ ê°œë°œì (Python/Go),ë„¥ìŠ¨ì½”ë¦¬ì•„(NEXON),,,https://www.wanted.co.kr/wd/211877
[200ì–µâ†‘íˆ¬ì] íŒŒì´ì¬ ê°œë°œì,ì¿¼ë“œë§ˆì´ë„ˆ,,,https://www.wanted.co.kr/wd/191294
[ì¸í…”ë¦¬ì „ìŠ¤ë©ìŠ¤] ì†Œì…œë©”ì´í‚¹íŒ€ ë°±ì—”ë“œ ê°œë°œì (Python),ë„¥ìŠ¨ì½”ë¦¬ì•„(NEXON),,,https://www.wanted.co.kr/wd/205855
Python Back-end Engineer,ì˜¬ê±°ë‚˜ì´ì¦ˆì½”ë¦¬ì•„(Allganize Korea),,,https://www.wanted.co.kr/wd/160068
[ì¸í…”ë¦¬ì „ìŠ¤ë©ìŠ¤] MLOpsíŒ€ ë°±ì—”ë“œ ê°œë°œì (Python/Go),ë„¥ìŠ¨ì½”ë¦¬ì•„(NEXON),,,https://www.wanted.co.kr/wd/151721
Javascript Library ê°œë°œ - Web Agent Engineer,ì–´ë‹ˆì»´,,,https://www.wanted.co.kr/wd/156991
JavaScript ì›¹ê°œë°œì (7ë…„ ì´ìƒ),ì•µì»¤ìŠ¤,,,https://www.wanted.co.kr/wd/213065
UIX ê°œë°œì / Javascript,í”¼ì•¤ë””ì†”ë£¨ì…˜,,,https://www.wanted.co.kr/wd/210805
Javascript Library ê°œë°œ - Web Agent Engineer,ì–´ë‹ˆì»´,,,https://www.wanted.co.kr/wd/156991
JavaScript ì›¹ê°œë°œì (7ë…„ ì´ìƒ),ì•µì»¤ìŠ¤,,,https://www.wanted.co.kr/wd/213065
UIX ê°œë°œì / Javascript,í”¼ì•¤ë””ì†”ë£¨ì…˜,,,https://www.wanted.co.kr/wd/210805
ë°±ì—”ë“œ ê°œë°œì,ì•„ì´ì˜¤íŠ¸ëŸ¬ìŠ¤íŠ¸,,,https://www.wanted.co.kr/wd/211570
"Software Engineer, Rust",ì—ìŠ¤í‹°ì”¨ë©(STCLab),,,https://www.wanted.co.kr/wd/199780
ì»¨í…ì¸  í¬ë¦¬ì—ì´í„°/PD,íŠ¸ëŸ¬ìŠ¤íŠ¸ë©ìŠ¤,,,https://www.wanted.co.kr/wd/209432
ìµœê³  ìš´ì˜ì(COO),íŠ¸ëŸ¬ìŠ¤íŠ¸ë©ìŠ¤,,,https://www.wanted.co.kr/wd/209425
C/Rust ê°œë°œì,í‹°ì—ìŠ¤ì—”ë©,,,https://www.wanted.co.kr/wd/202555
ë°±ì—”ë“œ ê°œë°œì (Rust),ë² ë§ë©,,,https://www.wanted.co.kr/wd/206209
"ì½˜í…ì¸  ë””ìì´ë„ˆ (ì¼ëŸ¬ìŠ¤íŠ¸, í‘œì§€ ì‚½í™”)",í…Œì¼í¬ë£¨(Talecrew),,,https://www.wanted.co.kr/wd/195066
ë²„íŠœë²„ ì¼ëŸ¬ìŠ¤íŠ¸ë ˆì´í„°,í”Œë£¸ë””,,,https://www.wanted.co.kr/wd/218801
ë°±ì—”ë“œ ê°œë°œì,ì•„ì´ì˜¤íŠ¸ëŸ¬ìŠ¤íŠ¸,,,https://www.wanted.co.kr/wd/211570
"Software Engineer, Rust",ì—ìŠ¤í‹°ì”¨ë©(STCLab),,,https://www.wanted.co.kr/wd/199780
ì»¨í…ì¸  í¬ë¦¬ì—ì´í„°/PD,íŠ¸ëŸ¬ìŠ¤íŠ¸ë©ìŠ¤,,,https://www.wanted.co.kr/wd/209432
ìµœê³  ìš´ì˜ì(COO),íŠ¸ëŸ¬ìŠ¤íŠ¸ë©ìŠ¤,,,https://www.wanted.co.kr/wd/209425
C/Rust ê°œë°œì,í‹°ì—ìŠ¤ì—”ë©,,,https://www.wanted.co.kr/wd/202555
ë°±ì—”ë“œ ê°œë°œì (Rust),ë² ë§ë©,,,https://www.wanted.co.kr/wd/206209
"ì½˜í…ì¸  ë””ìì´ë„ˆ (ì¼ëŸ¬ìŠ¤íŠ¸, í‘œì§€ ì‚½í™”)",í…Œì¼í¬ë£¨(Talecrew),,,https://www.wanted.co.kr/wd/195066
ë²„íŠœë²„ ì¼ëŸ¬ìŠ¤íŠ¸ë ˆì´í„°,í”Œë£¸ë””,,,https://www.wanted.co.kr/wd/218801
ì¬ë¬´íšŒê³„ ë‹´ë‹¹ì (8ë…„ ì´ìƒ),ì•„ì´ì˜¤íŠ¸ëŸ¬ìŠ¤íŠ¸,,,https://www.wanted.co.kr/wd/216162
UX/UI ë””ìì´ë„ˆ,íŠ¸ëŸ¬ìŠ¤íŠ¸ë©ìŠ¤,,,https://www.wanted.co.kr/wd/209423
ì„œë²„ ê°œë°œì,íŠ¸ëŸ¬ìŠ¤íŠ¸ë©ìŠ¤,,,https://www.wanted.co.kr/wd/209421
ê·¸ë˜í”½ ë””ìì´ë„ˆ(ë¸Œëœë“œ&ì½˜í…ì¸ ),ë„¤ë²„ëŸ¬ìŠ¤íŠ¸,,,https://www.wanted.co.kr/wd/202028
í”„ë¡ íŠ¸ì—”ë“œ ê°œë°œì (Flutter),111í¼ì„¼íŠ¸,,,https://www.wanted.co.kr/wd/218337
Flutter ì•± & Node.js ê°œë°œì,ì¸ì¡€ë¯¸,,,https://www.wanted.co.kr/wd/210107
Senior Flutter ì•± ê°œë°œì (3ë…„ ì´ìƒ),í…Œì´ë¸”ë§¤ë‹ˆì €,,,https://www.wanted.co.kr/wd/166654
Front-end ê°œë°œì(Flutter/ì•±) (7ë…„ì´ìƒ),ë¨¼ìŠ¬ë¦¬í‚¤ì¹œ,,,https://www.wanted.co.kr/wd/216792
Flutter ê°œë°œì,ì½”ë³´ì‹œìŠ¤,,,https://www.wanted.co.kr/wd/99737
í”ŒëŸ¬í„° ê°œë°œì (3ë…„ ì´ìƒ),ë‹¤ì´ë…¸ì¦ˆ,,,https://www.wanted.co.kr/wd/203296
í”ŒëŸ¬í„° ê°œë°œì,ë¹„ë°€ë¦¬,,,https://www.wanted.co.kr/wd/170344
í”ŒëŸ¬í„° ëª¨ë°”ì¼ì•± ê°œë°œì,í•œêµ­ë¯¸ìš©ë°ì´í„°,,,https://www.wanted.co.kr/wd/197630
í”„ë¡ íŠ¸ì—”ë“œ ê°œë°œì (Flutter),111í¼ì„¼íŠ¸,,,https://www.wanted.co.kr/wd/218337
Flutter ì•± & Node.js ê°œë°œì,ì¸ì¡€ë¯¸,,,https://www.wanted.co.kr/wd/210107
Senior Flutter ì•± ê°œë°œì (3ë…„ ì´ìƒ),í…Œì´ë¸”ë§¤ë‹ˆì €,,,https://www.wanted.co.kr/wd/166654
Front-end ê°œë°œì(Flutter/ì•±) (7ë…„ì´ìƒ),ë¨¼ìŠ¬ë¦¬í‚¤ì¹œ,,,https://www.wanted.co.kr/wd/216792
Flutter ê°œë°œì,ì½”ë³´ì‹œìŠ¤,,,https://www.wanted.co.kr/wd/99737
í”ŒëŸ¬í„° ê°œë°œì (3ë…„ ì´ìƒ),ë‹¤ì´ë…¸ì¦ˆ,,,https://www.wanted.co.kr/wd/203296
í”ŒëŸ¬í„° ê°œë°œì,ë¹„ë°€ë¦¬,,,https://www.wanted.co.kr/wd/170344
í”ŒëŸ¬í„° ëª¨ë°”ì¼ì•± ê°œë°œì,í•œêµ­ë¯¸ìš©ë°ì´í„°,,,https://www.wanted.co.kr/wd/197630
Flutter í”ŒëŸ¬í„° ì•± ì—”ì§€ë‹ˆì–´,ë°€í¬ì½”í¼ë ˆì´ì…˜,,,https://www.wanted.co.kr/wd/161675
[100ì–µâ†‘íˆ¬ì] ëª¨ë°”ì¼ App ê°œë°œì(Flutter),ë¹„ì—˜í(í…ŒìŠ¤íŠ¸ë°¸ë¦¬),,,https://www.wanted.co.kr/wd/181248
Flutter ê°œë°œì,ì„¬ì¬,,,https://www.wanted.co.kr/wd/218843
Flutter ëª¨ë°”ì¼ ê°œë°œì,í—¥ìŠ¬ë€íŠ¸,,,https://www.wanted.co.kr/wd/218591
í¬ë¡œìŠ¤í”Œë«í¼(flutter)/ ì‹œë‹ˆì–´ í”„ë¡ íŠ¸ì—”ë“œ ì—”ì§€ë‹ˆì–´,í•˜ì´ìŠ¤íŠ¸ë ˆì¸ì €,,,https://www.wanted.co.kr/wd/202720
[100ì–µâ†‘íˆ¬ì] Mobile App Developer(Flutter),ì•„ì„ì›¹,,,https://www.wanted.co.kr/wd/182668
Flutter ê°œë°œì (ë³‘ì—­íŠ¹ë¡€_í˜„ì—­/ë³´ì¶©ì—­),ë„›ì§€í—¬ìŠ¤ì¼€ì–´(ìºì‹œì›Œí¬),,,https://www.wanted.co.kr/wd/168259
ëª¨ë°”ì¼ ì•± ì†Œí”„íŠ¸ì›¨ì–´ ê°œë°œ (Flutter / iOS / Android),ë¸”ë¡ì²´ì¸ë©ìŠ¤,,,https://www.wanted.co.kr/wd/138923
í”„ë¡ íŠ¸ì—”ë“œ(Flutter) ê°œë°œì,ì™€ì´ì— ìŠ¤íƒ€,,,https://www.wanted.co.kr/wd/192579
í”„ë¡ íŠ¸ì—”ë“œ(web/í”ŒëŸ¬í„°) ì—”ì§€ë‹ˆì–´ (ì œì£¼ë³¸ì‚¬/íŒêµê·¼ë¬´),í”¼í”Œë°¤,,,https://www.wanted.co.kr/wd/219103
Flutter ì•± ê°œë°œì,í”Œë™ìŠ¤ë‰´ëŸ´ë©ìŠ¤,,,https://www.wanted.co.kr/wd/151186
Flutter ê°œë°œ,ìº”ë©ì½”ë¦¬ì•„,,,https://www.wanted.co.kr/wd/217367
í”ŒëŸ¬í„° ê°œë°œì (2ë…„ ì´ìƒ),í•œêµ­ëª¨ë°”ì¼ê²°ì œ,,,https://www.wanted.co.kr/wd/215537
ì•± ê°œë°œì(Flutter) (ì‹ ê·œ ì›¹ì†Œì„¤ í”Œë«í¼),ë¯¸ìŠ¤í„°ë¸”ë£¨,,,https://www.wanted.co.kr/wd/166491
[5ë…„ ì´ìƒ] Mobile (Flutter) ê°œë°œì,íí”½ìŠ¤,,,https://www.wanted.co.kr/wd/207359
ì›¹/ëª¨ë°”ì¼ í´ë¼ì´ì–¸íŠ¸(React/Flutter) ê°œë°œì,ì—˜ì—ìŠ¤ì— ì¼€ì´(LSMK),,,https://www.wanted.co.kr/wd/214936
Flutter ì•± & Node.js ê°œë°œì(ì‹ ì… ì§€ì›ê°€ëŠ¥),ì¸ì¡€ë¯¸,,,https://www.wanted.co.kr/wd/210056
[Plus]Flutter ê°œë°œì,ì•¤ì„œìŠ¤ë©ì½”ë¦¬ì•„,,,https://www.wanted.co.kr/wd/214495
í”ŒëŸ¬í„° ê°œë°œì,í”¼ì—íŠ¸(FIET),,,https://www.wanted.co.kr/wd/209183
í”ŒëŸ¬í„° ê°œë°œì (2ë…„ ì´ìƒ),ë”ë¸”ìœ í´ëŸ½,,,https://www.wanted.co.kr/wd/73811
[ì‚¼ì©œì‚¼] Mobile Engineer(Flutter),ìë¹„ìŠ¤ì•¤ë¹ŒëŸ°ì¦ˆ(ì‚¼ì©œì‚¼),,,https://www.wanted.co.kr/wd/217806
í”ŒëŸ¬í„° ê°œë°œì,ëª¨ë…¸ë¦¬ìŠ¤,,,https://www.wanted.co.kr/wd/194856
Flutter ëª¨ë°”ì¼ ê°œë°œ,ì¸í”¼ë‹ˆí‹°ìµìŠ¤ì²´ì¸ì§€ì½”ë¦¬ì•„,,,https://www.wanted.co.kr/wd/213826
í¬ë¡œìŠ¤í”Œë«í¼ ì•± ê°œë°œì(Flutter) (SWíŒ€),ì´ë…¸ë²„ìŠ¤,,,https://www.wanted.co.kr/wd/214854
Flutter ê°œë°œì,ì‡í‹°,,,https://www.wanted.co.kr/wd/217973
Flutter í”„ë¡ íŠ¸ ê°œë°œì,ë§ˆì´í¬ë¡œí”„ë¡œí…íŠ¸,,,https://www.wanted.co.kr/wd/205308
Flutter Developer,ì•„ì›ŒíŠœë¸Œ,,,https://www.wanted.co.kr/wd/214555
Flutter í”„ë¡ íŠ¸ì—”ë“œ ê°œë°œì,ë¹„ìš˜ë“œë©”ë””ìŠ¨,,,https://www.wanted.co.kr/wd/212146
Flutter ì•± ê°œë°œì,ë©‹ìŸì´ì‚¬ìì²˜ëŸ¼,,,https://www.wanted.co.kr/wd/216821
[500ì–µâ†‘íˆ¬ì] í”„ë¡ íŠ¸ì—”ë“œ ê°œë°œì (React-native / flutter),ì•„íŒŒíŠ¸ë©˜í„°ë¦¬,,,https://www.wanted.co.kr/wd/165183
"í”ŒëŸ¬í„° ê°œë°œì(2,3ë…„ì°¨ ì´ìƒ)",ì¢‹ì€ìŠµê´€,,,https://www.wanted.co.kr/wd/213777
í”ŒëŸ¬í„° ì•± ê°œë°œì,ì—‘ìŠ¤í”Œë¼ì´ì–´,,,https://www.wanted.co.kr/wd/166936
Flutter ì•± ê°œë°œì,ë¹„ì‚¬ì´ë“œì½”ë¦¬ì•„,,,https://www.wanted.co.kr/wd/120367
Flutter ëª¨ë°”ì¼ ê°œë°œ,ë²„í„°í”Œë¼ì‰,,,https://www.wanted.co.kr/wd/215084
í´ë¼ì´ì–¸íŠ¸íŒ€ Flutter ê°œë°œì,ë¡œì™„,,,https://www.wanted.co.kr/wd/209205
"[100ì–µâ†‘íˆ¬ì] App ê°œë°œ(Flutter, Android, iOS)",ë¹„ì—˜í(í…ŒìŠ¤íŠ¸ë°¸ë¦¬),,,https://www.wanted.co.kr/wd/87917
